retrain,ret_1h,volatility_12h,bb_pct_b,momentum_rank,rsi_7,dist_sma10,volatility_rank,bb_lower_dist,rsi_14,corr_spy,dist_sma20,ret_24h,range,ret_4h,volume_ratio,bb_bandwidth,bb_upper_dist,corr_btc,atr_14_norm,volatility_24h,volume_spike,ret_12h,dist_ema12,obv_slope,roc_12,vwap_deviation,macd_histogram,dist_ema26
1,0.13174163,0.07240236,0.06409493,0.060490645,0.046245918,0.040012795,0.039218768,0.035373524,0.034597673,0.034581766,0.034162853,0.034021236,0.033561271,0.032131385,0.031466734,,,,,,,,,,,,,
2,0.15179062,0.09704516,0.06307994,0.044586394,0.031615496,0.036453713,0.029424926,0.054028258,,0.033483718,,0.03044145,0.033197805,0.034320138,,0.041286908,0.036603708,0.030575767,,,,,,,,,,
3,0.15179062,0.09704516,0.06307994,0.044586394,0.031615496,0.036453713,0.029424926,0.054028258,,0.033483718,,0.03044145,0.033197805,0.034320138,,0.041286908,0.036603708,0.030575767,,,,,,,,,,
4,0.14497624,0.08445807,0.03425744,0.049326226,0.029738894,0.04614434,0.031879794,0.041753355,0.034029316,,0.031468898,,,0.034876782,,0.05343768,0.046192389,0.029579112,0.028568409,,,,,,,,,
5,0.14497624,0.08445807,0.03425744,0.049326226,0.029738894,0.04614434,0.031879794,0.041753355,0.034029316,,0.031468898,,,0.034876782,,0.05343768,0.046192389,0.029579112,0.028568409,,,,,,,,,
6,0.14497624,0.08445807,0.03425744,0.049326226,0.029738894,0.04614434,0.031879794,0.041753355,0.034029316,,0.031468898,,,0.034876782,,0.05343768,0.046192389,0.029579112,0.028568409,,,,,,,,,
7,0.16014527,0.10972631,0.025704494,,0.02751215,,0.034873255,0.026176799,0.033502463,,0.035977658,,0.028765509,0.034547411,,0.061907008,0.055569619,0.025122246,0.026560012,0.029909618,,,,,,,,
8,0.16482075,0.10422091,0.032083984,,,0.026092106,,,0.027638998,,0.028291723,,0.027551403,,0.026460763,0.058544874,0.05483916,,,0.028374165,0.042415589,0.034646273,0.02631958,0.025978858,,,,
9,0.15016192,0.08964189,0.028082348,0.023502724,0.028792188,0.030757565,0.022781316,0.04044902,0.038960058,,,,0.022111515,0.027296456,,0.037553303,0.036830746,,,,,,,0.024186118,0.153439537,,,
10,0.14429265,0.08495503,0.027689287,0.022934435,0.041568015,0.033419959,0.021848135,0.028027305,0.03666608,0.022710903,,,0.023872694,,,0.042671669,0.03193859,,,,,0.038823318,,,0.15743567,,,
11,0.16319841,0.108591564,0.029897435,,0.032966476,0.047117788,,0.031783264,0.035911273,0.024924997,,,0.023179971,0.023625569,,0.033053394,0.036711622,,,,,0.026324922,,,0.091526955,0.029690694,,
12,0.16319841,0.108591564,0.029897435,,0.032966476,0.047117788,,0.031783264,0.035911273,0.024924997,,,0.023179971,0.023625569,,0.033053394,0.036711622,,,,,0.026324922,,,0.091526955,0.029690694,,
13,0.14686355,0.087863006,0.027020097,,,0.040261406,,0.03325044,0.036274187,0.0199464,0.023087036,,0.020241227,,,0.027295016,0.031208443,,,,0.023228427,0.021647513,,,0.197846964,0.023707787,,
14,0.14370413,0.09264148,0.024749964,,0.032568149,0.03724042,,0.02371935,0.032219499,,,0.018090198,0.019943431,0.020495903,,0.024173161,0.024940267,,,,,0.016614243,,,0.253509223,0.022043478,,
15,0.18410318,0.11420705,0.030154292,,0.023517936,0.036312103,,0.03684517,0.031919606,,,,0.024408717,0.02436145,0.022634,0.031614892,0.03660135,,,,,0.030030774,,,0.091127954,0.024489373,,
16,0.2094536,0.12681587,0.03321297,,0.023037449,0.039967943,,0.033920757,0.037630182,,,0.023463484,0.027111949,0.024452038,0.025008362,0.0358437,0.042948026,,,,,0.025051858,,,,0.030165851,,
17,0.2223522,0.13210525,0.033675052,,,0.025054321,,0.033829976,0.034800548,,,0.024948178,0.027141763,0.021958783,0.028315432,0.037112154,0.037602685,,,,,0.028286401,,,,0.026312942,0.021919401,
18,0.21344909,0.13198888,0.03461759,,,0.031125816,,0.034395713,0.035510726,,0.022762049,0.025211727,0.024057016,,0.026286773,0.032109048,0.035147283,,,,,0.024499165,,,0.034106202,0.024468826,,
19,0.21344909,0.13198888,0.03461759,,,0.031125816,,0.034395713,0.035510726,,0.022762049,0.025211727,0.024057016,,0.026286773,0.032109048,0.035147283,,,,,0.024499165,,,0.034106202,0.024468826,,
20,0.21090169,0.12874922,0.030208975,,0.037182093,0.027316138,,0.032287028,0.030512929,,,0.023452371,0.022863973,,0.024032779,0.032444585,0.033463236,,,,,0.021893468,,0.026110297,0.055486638,,,
21,0.22727846,0.1301716,0.031940065,,0.04470684,0.022569688,,0.034507498,0.031301301,,,,0.02443175,0.021519383,0.025419358,0.030325964,0.036965482,,,0.023287889,,,,0.023628708,0.032212935,,,
22,0.2346819,0.13499461,0.033909895,0.0239537,0.03959405,0.031715602,,0.033983085,0.030658847,,,0.022417258,,,0.023042886,0.027312536,0.031622361,,,,,0.03132486,,0.023331668,,0.02286423,,
23,0.23783278,0.15369795,0.032582548,0.024406306,0.035333306,0.032601822,,0.030688304,0.033442594,,,0.022123368,0.023599915,,0.024128363,0.029565619,0.033275798,,,,,0.021531498,,0.026117692,,,,
24,0.23375776,0.13372737,0.03134287,0.023348311,0.034456998,,,0.034517881,0.030353753,,,0.022302194,0.024488658,0.021383887,0.024038797,0.029293263,0.032263245,,,,,,,0.024169963,0.04868558,,,
25,0.23375776,0.13372737,0.03134287,0.023348311,0.034456998,,,0.034517881,0.030353753,,,0.022302194,0.024488658,0.021383887,0.024038797,0.029293263,0.032263245,,,,,,,0.024169963,0.04868558,,,
26,0.23375776,0.13372737,0.03134287,0.023348311,0.034456998,,,0.034517881,0.030353753,,,0.022302194,0.024488658,0.021383887,0.024038797,0.029293263,0.032263245,,,,,,,0.024169963,0.04868558,,,
27,0.24421991,0.1452223,0.031626586,0.025460331,0.034320939,,,0.029876165,0.036219392,,0.021236863,,0.023779934,,0.023929641,0.029507546,0.036153447,,,,,0.023964029,,0.023652436,,0.020537023,,
28,0.23939703,0.14646067,0.030081915,0.025311919,0.038025066,0.024509855,,0.030961413,0.03454151,,,,0.023212722,,0.023224413,0.026936444,0.035219513,,,,,0.021186082,,0.02218348,0.024514955,,,
29,0.2353016,0.13779496,0.030800138,0.025075749,0.043836996,,,0.028043738,0.036064405,,,0.020835564,0.025022343,,0.024524396,0.024639709,0.032626145,,,,,0.024554618,,0.025310447,0.048853055,,,
30,0.2328108,0.13923278,0.028126344,0.022734381,0.038515288,0.023144975,,0.027770199,0.031524293,,,,0.022481358,,0.021895917,0.021877846,0.032348666,,,,,0.029378932,,,0.06004706,0.021520967,,
31,0.2309951,0.13252683,0.028298847,0.024279725,0.038541168,0.023261266,,0.027694356,0.035802539,,,,0.022462398,0.022397218,,0.02270554,0.035507228,,,,,0.022157822,,,0.054431166,,,0.02274449
32,0.2309951,0.13252683,0.028298847,0.024279725,0.038541168,0.023261266,,0.027694356,0.035802539,,,,0.022462398,0.022397218,,0.02270554,0.035507228,,,,,0.022157822,,,0.054431166,,,0.02274449
33,0.2309951,0.13252683,0.028298847,0.024279725,0.038541168,0.023261266,,0.027694356,0.035802539,,,,0.022462398,0.022397218,,0.02270554,0.035507228,,,,,0.022157822,,,0.054431166,,,0.02274449
34,0.23476431,0.1316321,0.02799439,0.021497879,0.037080441,0.044612411,,0.02587183,0.030616784,,0.022002257,,0.022117147,,,0.021849396,0.03640021,,,,,0.022494849,,0.022170281,0.053581346,,,
35,0.24088332,0.14311579,0.029664796,0.023238793,0.037443176,0.025055226,,0.026754733,0.033435162,,,,0.023347383,,0.021806197,0.02412794,0.038270745,,,,0.022191595,0.029907059,,0.023277804,,,,
36,0.24396443,0.14754774,0.02883508,0.022311786,0.049549416,0.027243301,0.021783477,0.027332915,0.037155591,,,,0.024086434,,0.022262918,0.023823354,0.032962024,,,,,0.021581184,,,0.02085961,,,
37,0.24421507,0.14076564,0.028604355,0.020536523,0.048122387,,,0.026407855,0.039318312,,,,0.02330862,0.022510031,0.021289272,0.021947654,0.029178251,,,,0.035840202,0.031010896,,,0.033888016,,,
38,0.23610817,0.14593767,0.026977507,,0.045531545,0.033736046,,0.027932936,0.038235389,,,,0.023530131,,0.021450881,0.022190778,0.029857539,,,,0.027429998,0.032540154,,0.022789476,0.023066698,,,
39,0.23610817,0.14593767,0.026977507,,0.045531545,0.033736046,,0.027932936,0.038235389,,,,0.023530131,,0.021450881,0.022190778,0.029857539,,,,0.027429998,0.032540154,,0.022789476,0.023066698,,,
40,0.23299964,0.14442667,0.028093273,0.020006942,0.058809154,0.022217702,,0.026257453,0.037092868,,,,0.022896206,0.021316452,0.022177555,,0.02648408,,,,0.037760928,,,0.021908505,0.043371689,,,
41,0.24283834,0.14035244,0.027915778,0.020981258,0.051502775,0.021435885,,0.026793683,0.035445314,,,,0.022537686,0.024233429,,0.021987999,0.027472915,,,,0.020973988,0.023488078,,,0.059373219,,,
42,0.25654376,0.15002775,0.030132864,0.021907695,0.049882937,0.024024488,,0.027653905,0.036933452,,,,0.02413192,0.022286037,,0.021610152,0.030348722,,,,0.020961318,0.02176602,,0.021374516,,,,
43,0.23775864,0.15168203,0.028685492,0.022395264,0.05818136,0.028783981,,0.02679486,0.040665045,,,,0.023603285,0.021172559,0.021370675,,0.027969455,,,,,0.022577846,,0.025273493,0.032951262,,,
44,0.24749807,0.15010048,0.030138858,0.024399227,0.04223156,0.033449292,,0.026637256,0.042657301,,0.019951619,,0.023820577,0.025530804,0.023352588,,0.030367961,,,,,0.022059543,,0.026374567,,,,
45,0.24749807,0.15010048,0.030138858,0.024399227,0.04223156,0.033449292,,0.026637256,0.042657301,,0.019951619,,0.023820577,0.025530804,0.023352588,,0.030367961,,,,,0.022059543,,0.026374567,,,,
46,0.24749807,0.15010048,0.030138858,0.024399227,0.04223156,0.033449292,,0.026637256,0.042657301,,0.019951619,,0.023820577,0.025530804,0.023352588,,0.030367961,,,,,0.022059543,,0.026374567,,,,
47,0.24622889,0.15600303,0.02785914,0.022397339,0.041100826,0.031995088,,0.025247579,0.042102825,,,,0.023435593,0.020989956,0.02258567,,0.030830463,,,,,0.04010877,,0.023190355,0.024017503,,,
48,0.253124,0.16298398,0.027978608,0.02342389,0.03909377,0.025687635,,0.025398877,0.041348077,,,,0.022773178,0.02245816,0.022943331,,0.028585717,,,,,0.030492088,,0.020915473,0.03145631,,,
49,0.25565866,0.16085722,0.027017761,0.023026491,0.037397526,0.034106731,,0.024131417,0.043991975,,,,0.02305227,,0.02317076,,0.030620612,0.019408701,,,,0.030948896,,0.022152772,,,,0.019736802
50,0.26278514,0.16651878,0.027563343,0.022766994,0.040606979,0.021625055,,0.024695901,0.042487513,,,,0.024072064,0.018935002,0.021612933,,0.029320385,,,,,0.034280017,,0.023497254,,,,0.018759647
51,0.2576309,0.15765117,0.02627563,0.023906916,0.038781393,,,0.023514519,0.041208155,,,,0.024076588,0.018592032,0.020997535,,0.025736297,,,,0.024024559,0.030976992,,0.023105148,0.042592045,,,
52,0.2576309,0.15765117,0.02627563,0.023906916,0.038781393,,,0.023514519,0.041208155,,,,0.024076588,0.018592032,0.020997535,,0.025736297,,,,0.024024559,0.030976992,,0.023105148,0.042592045,,,
53,0.2576309,0.15765117,0.02627563,0.023906916,0.038781393,,,0.023514519,0.041208155,,,,0.024076588,0.018592032,0.020997535,,0.025736297,,,,0.024024559,0.030976992,,0.023105148,0.042592045,,,
54,0.26651785,0.17221895,0.028135309,0.023829628,0.043390412,,,0.023466928,0.040965214,,,,0.024030222,,0.021540329,0.016971556,0.027766937,0.017846331,,,,0.046588358,,0.022639645,,,,0.018967558
55,0.2555356,0.17414509,0.027016228,0.023245279,0.03932298,,,0.022861639,0.044689536,,,,0.023775229,0.019286223,0.021193679,,0.026322788,,,,0.032781821,0.025914323,,0.022522595,0.022821249,,,
56,0.25604564,0.175373,0.027521446,0.02344982,0.043507032,0.024563882,,0.023016719,0.04172536,,,,0.023028381,,0.021846391,,0.028014364,,,,,0.026701784,,0.02447531,0.029677473,,,0.018309422
57,0.2588892,0.16884412,0.026038446,0.023037186,0.035587985,0.02328999,,0.021458289,0.041549049,,,,0.02249046,0.020594731,0.021179484,,0.030406643,,,,,0.024153952,,0.019941097,0.058337774,,,
58,0.24912418,0.17134835,0.02569485,0.021877859,0.037689161,0.018953538,,0.02236223,0.039117765,,,,0.022832368,,0.019184651,0.019204589,0.027683983,,,,,0.030825594,,0.020228323,0.06478402,,,
59,0.24912418,0.17134835,0.02569485,0.021877859,0.037689161,0.018953538,,0.02236223,0.039117765,,,,0.022832368,,0.019184651,0.019204589,0.027683983,,,,,0.030825594,,0.020228323,0.06478402,,,
60,0.24912418,0.17134835,0.02569485,0.021877859,0.037689161,0.018953538,,0.02236223,0.039117765,,,,0.022832368,,0.019184651,0.019204589,0.027683983,,,,,0.030825594,,0.020228323,0.06478402,,,
61,0.26181498,0.1691546,0.027705455,0.023013366,0.036681894,0.023485454,,0.022592004,0.036803331,,,,0.024483772,,0.020647939,,0.027022565,,,,,0.025904711,,0.022694813,0.052276909,,,0.018721309
62,0.26282477,0.18297617,0.026739113,0.024211967,0.03355645,0.023583906,,0.024105841,0.037690982,,,,0.024785012,0.020268762,0.021060254,,0.026168117,,,,,0.020263543,,0.022500359,0.032282174,,,
63,0.26796737,0.17232955,0.026265524,0.025026841,0.036229789,0.021059314,,0.024442131,0.038928796,,,,0.025450703,0.021179013,0.021926902,,0.028351519,,,,,0.021448122,,0.020864662,0.035279006,,,
64,0.25987783,0.18062866,0.025886834,0.024069732,0.03434721,0.02532503,,0.021603849,0.035510376,,,,0.024483476,,0.020826925,,0.028571602,,,,,0.021240745,,0.022164581,0.044304043,,,0.018455494
65,0.2592583,0.17580855,0.025965124,0.023817906,0.032493003,0.020760225,,0.02223317,0.037316374,,,,0.024660144,,0.020716377,,0.025482377,,,,,0.030874174,,0.021454146,0.042397644,,,0.018790213
66,0.2592583,0.17580855,0.025965124,0.023817906,0.032493003,0.020760225,,0.02223317,0.037316374,,,,0.024660144,,0.020716377,,0.025482377,,,,,0.030874174,,0.021454146,0.042397644,,,0.018790213
67,0.26184013,0.17086688,0.02589055,0.02371973,0.03407266,0.030737063,,0.023829024,0.03814647,,,,0.024204426,,0.020600399,,0.026894383,,,,,0.032741293,,0.020767679,0.040762238,,,0.020011121
68,0.27122754,0.18234077,0.026921669,0.023667574,0.03659305,0.025179965,,0.023746928,0.037467051,,,,0.023545314,,0.02181161,,0.027404802,,,,,0.024263985,,0.021688033,0.022940338,,,0.019606303
69,0.27381173,0.17976305,0.02621286,0.023652466,0.034753826,0.028987473,,0.023309559,0.037176747,,,,0.025067957,0.021463541,0.021195211,,0.027222853,,,,,0.020244937,,0.023052476,0.024520226,,,
70,0.27619866,0.17985994,0.02530083,0.022291448,0.039280124,0.017379442,,0.022807311,0.037494127,,,,0.025192909,,0.020577444,,0.02808417,,,,,0.024192881,,0.022485692,0.037562076,,,0.017968537
71,0.2820329,0.18296112,0.025524734,0.022969663,0.036615085,0.019542249,,0.02278854,0.038469091,,,,0.025432186,0.017594904,0.020886175,,0.029285934,,,,,0.023865912,,0.023522818,0.023505181,,,
72,0.2820329,0.18296112,0.025524734,0.022969663,0.036615085,0.019542249,,0.02278854,0.038469091,,,,0.025432186,0.017594904,0.020886175,,0.029285934,,,,,0.023865912,,0.023522818,0.023505181,,,
73,0.2820329,0.18296112,0.025524734,0.022969663,0.036615085,0.019542249,,0.02278854,0.038469091,,,,0.025432186,0.017594904,0.020886175,,0.029285934,,,,,0.023865912,,0.023522818,0.023505181,,,
74,0.27795553,0.18510766,0.026263667,0.022708504,0.038854893,0.02183741,,0.022418899,0.042200487,,,,0.025353221,,0.021249803,,0.030712219,,,,,0.023241514,,0.02327805,,0.017384471,,0.018987002
75,0.27806723,0.1814313,0.026374953,0.022198677,0.040064387,0.027789021,,0.02314667,0.040102631,,,,0.024643643,0.019170176,0.02047749,,0.029670324,,,,,0.02193553,,0.023295576,,,,0.018206278
76,0.27946168,0.18033375,0.025393771,0.022676943,0.039906316,0.027498379,,0.025199153,0.039210178,,,,0.025025543,0.020251466,0.021112207,,0.02785226,,,,,0.021981638,,0.022548918,,,,0.017881624
77,0.27080214,0.17928645,0.0255512,0.023360094,0.036394928,0.021671176,,0.024805291,0.03837337,,,,0.025209952,,0.019442225,0.017093476,0.029324085,,,,,0.026891522,,0.021707704,0.032367036,,,
78,0.2843941,0.18303299,0.027740303,0.022988467,0.038298819,,,0.024966935,0.038790736,,,,0.024731565,,0.02047281,0.01779609,0.028815946,,,,,0.018002363,,0.022148492,0.020999243,,,0.017454857
79,0.2843941,0.18303299,0.027740303,0.022988467,0.038298819,,,0.024966935,0.038790736,,,,0.024731565,,0.02047281,0.01779609,0.028815946,,,,,0.018002363,,0.022148492,0.020999243,,,0.017454857
80,0.2843941,0.18303299,0.027740303,0.022988467,0.038298819,,,0.024966935,0.038790736,,,,0.024731565,,0.02047281,0.01779609,0.028815946,,,,,0.018002363,,0.022148492,0.020999243,,,0.017454857
81,0.2769447,0.18242577,0.026685087,0.023139955,0.040988367,0.021155672,,0.024463659,0.04043382,,,,0.024890719,,0.019396001,0.017688297,0.028627593,,,,,0.018931948,,0.020005099,0.019800125,,,
82,0.27821082,0.17861068,0.027402489,0.02290266,0.042249992,,,0.025821118,0.041326463,,,,0.025546543,0.018941559,0.021000629,,0.02918097,,,,,0.018228607,,0.020677507,0.024067182,,,0.018611068
83,0.27538007,0.18801251,0.028434744,0.022655554,0.040703937,0.022087378,,0.023653118,0.040891778,,,,0.024154048,0.018117011,0.020244341,,0.026656663,,,,,0.020779049,,0.021991631,0.018317867,,,
84,0.2778283,0.17929785,0.027138947,0.02233587,0.045428187,,,0.025197087,0.041660622,,,,0.02350824,,0.019843349,0.017401,0.026841003,,,,0.026401395,0.0241202,,0.019809159,,,,0.016788382
85,0.2786126,0.18211354,0.029868435,0.02217726,0.042953797,,,0.023315161,0.044883285,,,,0.023992389,,0.019372724,0.018100422,0.024692064,,,,0.018864522,0.020331347,,0.020137481,0.023457484,,,
86,0.2786126,0.18211354,0.029868435,0.02217726,0.042953797,,,0.023315161,0.044883285,,,,0.023992389,,0.019372724,0.018100422,0.024692064,,,,0.018864522,0.020331347,,0.020137481,0.023457484,,,
87,0.2679268,0.17867167,0.028170753,0.021994356,0.042117797,0.020466989,,0.022463042,0.046193264,,,,0.023501849,,0.019665254,,0.026994208,,,,0.020819014,0.023714665,,0.018499251,0.027099453,,,
88,0.27855542,0.18798974,0.027509993,0.021626869,0.044415828,0.030663915,,0.021963995,0.044056837,,,,0.022774057,,0.01844357,0.017511658,0.027533639,,,,,0.020171398,,0.020134015,,0.016416356,,
89,0.2719809,0.17029856,0.02784989,0.022470625,0.043518599,0.024448493,,0.023555733,0.046227507,,,,0.023901718,,0.019398998,0.018881049,0.029195474,,,,,0.025717296,,0.018560061,0.025452131,,,
90,0.2720532,0.17596772,0.027429577,0.022592323,0.046300102,0.025797041,,0.023320109,0.048257831,,,,0.021941176,0.018587383,,0.018556077,0.028819501,,,,,0.029207833,,0.01829767,0.022200625,,,
91,0.28245974,0.18246204,0.02908372,0.023094192,0.048933063,,,0.023004835,0.04522958,,,,0.023729842,0.01926668,0.018754974,,0.027444217,,,,,0.024646023,,0.02074199,0.019758191,0.016884793,,
92,0.28245974,0.18246204,0.02908372,0.023094192,0.048933063,,,0.023004835,0.04522958,,,,0.023729842,0.01926668,0.018754974,,0.027444217,,,,,0.024646023,,0.02074199,0.019758191,0.016884793,,
93,0.28245974,0.18246204,0.02908372,0.023094192,0.048933063,,,0.023004835,0.04522958,,,,0.023729842,0.01926668,0.018754974,,0.027444217,,,,,0.024646023,,0.02074199,0.019758191,0.016884793,,
94,0.28428915,0.17726026,0.028481191,0.023719883,0.041992489,0.020261429,,0.02320062,0.045817591,,,,0.024120655,,0.019315671,0.017115321,0.026643757,,,,,0.017933914,,0.020905741,0.024682796,,,
95,0.290812,0.18415381,0.027787238,0.023131367,0.046655577,0.025257215,,0.02385297,0.048788995,,,,0.023649553,,0.018920815,0.016586747,0.025971221,,,,,,,0.018584304,,0.016695498,,0.017400626
96,0.28285214,0.17769222,0.028616337,0.023407122,0.046756476,,,0.024072636,0.044339266,,,,0.024224363,0.017207816,0.020046646,0.017575203,0.025093967,,,,,0.026571227,,0.019954251,0.019935025,,,
97,0.2860904,0.1780573,0.028254913,0.02339158,0.040896915,,,0.024014592,0.044582084,,0.018004674,,0.024117237,,0.020057362,,0.026799316,,,,,0.025602276,,0.019371994,0.019642642,,,0.017199898
98,0.2866957,0.17685264,0.026559887,0.022540085,0.039991695,,,0.022332916,0.046382509,,,,0.023581369,,0.019605661,,0.025806135,,,,,0.027864218,,0.017721875,0.028157955,0.016535496,,0.016817931
99,0.2866957,0.17685264,0.026559887,0.022540085,0.039991695,,,0.022332916,0.046382509,,,,0.023581369,,0.019605661,,0.025806135,,,,,0.027864218,,0.017721875,0.028157955,0.016535496,,0.016817931
100,0.2866957,0.17685264,0.026559887,0.022540085,0.039991695,,,0.022332916,0.046382509,,,,0.023581369,,0.019605661,,0.025806135,,,,,0.027864218,,0.017721875,0.028157955,0.016535496,,0.016817931
101,0.27803144,0.17471805,0.027544046,0.022204839,0.035775043,0.022704806,,0.022178216,0.042936035,,,,0.023973458,,0.019481989,0.017715327,0.025287153,,,,,0.03442996,,,0.034845687,,,0.017010925
102,0.2695831,0.1696824,0.025692511,0.022442255,0.045819689,0.026599115,,0.022029873,0.042869654,,,,0.023889592,,0.018643998,0.016949527,0.026762066,,,,,0.028078567,,0.017485153,0.041313376,,,
103,0.279138,0.17771278,0.027362464,0.023531502,0.04119188,0.0215021,,0.024494508,0.043090723,,,,0.024396403,,0.018487323,0.019132283,0.025922665,,,,0.018225521,0.027703164,,,0.01797024,,,
104,0.27759454,0.17992613,0.026919473,0.02247797,0.043138389,0.021753356,,0.024031445,0.04725961,,,,0.022874707,,0.018813308,0.018004034,0.024231492,,,,,0.031025866,,0.017600378,0.026685217,,,
105,0.27296072,0.18858962,0.026527744,0.022986557,0.042431779,0.043298282,,0.023399819,0.044092063,,,,0.023237783,,0.018150229,0.01807189,0.023832601,,,,,0.019051166,,0.018095925,0.017879471,,,
106,0.27296072,0.18858962,0.026527744,0.022986557,0.042431779,0.043298282,,0.023399819,0.044092063,,,,0.023237783,,0.018150229,0.01807189,0.023832601,,,,,0.019051166,,0.018095925,0.017879471,,,
107,0.2752897,0.18980795,0.026437454,0.022784187,0.04329202,0.022324329,,0.024456693,0.045999624,,,,0.024127822,,0.018030459,0.018333254,0.02446715,,,,,0.030148437,,0.017926227,,,,0.017349912
108,0.27136824,0.18959995,0.028464423,0.022602739,0.045997448,,,0.024792342,0.047083724,,,,0.023469171,,0.018340252,0.018427504,0.025214447,,,,,0.029190259,,0.018903451,0.022147028,0.016613051,,
109,0.2762077,0.18015696,0.027980546,0.022196654,0.042293947,,,0.024035698,0.044467039,,,,0.023437271,0.018127777,0.018545138,0.017771997,0.024018312,,,,,0.035676632,,0.01848531,0.033334758,,,
110,0.27900612,0.17838944,0.02844211,0.023149356,0.045935325,0.02165919,,0.023044281,0.043958616,,,,0.024067663,,0.017832076,0.019461088,0.026154922,,,,,0.027919678,,0.019747844,0.020085465,,,
111,0.28349146,0.18651006,0.027857237,0.022413593,0.040205866,,,0.024809321,0.042496603,,,,0.023753358,,0.018165179,0.019659938,0.024608273,,,,,0.034267768,,0.019030651,0.019769913,0.016449474,,
112,0.28349146,0.18651006,0.027857237,0.022413593,0.040205866,,,0.024809321,0.042496603,,,,0.023753358,,0.018165179,0.019659938,0.024608273,,,,,0.034267768,,0.019030651,0.019769913,0.016449474,,
113,0.28349146,0.18651006,0.027857237,0.022413593,0.040205866,,,0.024809321,0.042496603,,,,0.023753358,,0.018165179,0.019659938,0.024608273,,,,,0.034267768,,0.019030651,0.019769913,0.016449474,,
114,0.28193045,0.19124289,0.029434403,0.023832824,0.036612723,,,0.023885142,0.045108475,,,,0.023608299,0.017948672,0.019065844,0.019026568,0.02459796,,,,,0.028505163,,0.019880123,,0.01734419,,
115,0.27675653,0.19073553,0.028825926,0.022440199,0.040540371,,,0.024177438,0.045594841,,0.016504595,,0.022504816,,0.019227702,0.017827412,0.024384631,,,,,0.032383822,,0.019500425,,0.016550932,,
116,0.2835862,0.18843421,0.030848302,0.022321803,0.043213144,,,0.022652935,0.04497961,,,,0.022031056,,0.018761583,0.017216085,0.024499975,,,,,0.033182468,,0.018965039,0.016103577,0.016540466,,
117,0.27455667,0.1919978,0.027250955,0.022385478,0.0444405,,,0.024168849,0.04490678,,,,0.022598492,,0.019099686,0.017398208,0.025525302,,,,,0.032287709,,0.019581834,,0.016176432,,0.016083218
118,0.26259777,0.17832506,0.028401775,0.021580482,0.044637013,0.017550515,,0.026040953,0.044458907,,,,0.022200847,,0.018039851,,0.023348577,,,,0.017212901,0.030568186,,0.019155318,0.043512888,,,
119,0.26259777,0.17832506,0.028401775,0.021580482,0.044637013,0.017550515,,0.026040953,0.044458907,,,,0.022200847,,0.018039851,,0.023348577,,,,0.017212901,0.030568186,,0.019155318,0.043512888,,,
120,0.26259777,0.17832506,0.028401775,0.021580482,0.044637013,0.017550515,,0.026040953,0.044458907,,,,0.022200847,,0.018039851,,0.023348577,,,,0.017212901,0.030568186,,0.019155318,0.043512888,,,
121,0.2739964,0.18823738,0.027392747,0.022877704,0.040610347,,,0.024003008,0.04364758,,,,0.022396376,,0.018426733,0.018029334,0.024928335,,,,0.020677472,0.036721345,,0.019043626,0.018489338,,,
122,0.27283335,0.19148675,0.027779473,0.021522513,0.040205128,,,0.023718262,0.042870309,,,,0.022831019,,0.017857736,0.017410856,0.024877129,,,,0.01826779,0.039860282,,0.019569827,0.018996758,,,
123,0.26890478,0.19195096,0.027780753,0.02188414,0.035950575,,,0.025105223,0.045064844,,,,0.02262889,,0.018482625,0.017543858,0.024290947,,,,,0.042326581,,0.018451234,0.033704706,0.015960002,,
124,0.27721053,0.19438414,0.028701076,0.022535816,0.036378294,,,0.022927662,0.04531892,,,,0.023410244,,0.018201917,0.017733635,0.024736015,,,,,0.037483845,,0.019861178,0.019611567,0.016439103,,
125,0.27337667,0.19063467,0.026898198,0.021799177,0.042732988,,,0.024726475,0.042485412,,,,0.022952123,,0.017995514,0.017251281,0.026196489,,,,0.017092116,0.037328687,,0.018756425,0.023233166,,,
126,0.27337667,0.19063467,0.026898198,0.021799177,0.042732988,,,0.024726475,0.042485412,,,,0.022952123,,0.017995514,0.017251281,0.026196489,,,,0.017092116,0.037328687,,0.018756425,0.023233166,,,
127,0.27337667,0.19063467,0.026898198,0.021799177,0.042732988,,,0.024726475,0.042485412,,,,0.022952123,,0.017995514,0.017251281,0.026196489,,,,0.017092116,0.037328687,,0.018756425,0.023233166,,,
128,0.2695657,0.19326238,0.028683983,0.022219984,0.041137077,,,0.022329511,0.040917989,,,,0.022877522,,0.01768822,0.018384306,0.024529763,,,,,0.036726393,,0.018518344,0.036578987,,,0.016038407
129,0.26948744,0.19167759,0.027639411,0.02156595,0.044634227,,,0.025788901,0.044923212,,,,0.023352433,,0.017427672,0.018845562,0.023457158,,,,,0.034462683,,0.018869618,0.031708732,0.015804464,,
130,0.2690587,0.19230422,0.026008984,0.02210835,0.03734101,0.019186415,,0.023985066,0.044712603,,,,0.022845345,,0.017884957,0.018381067,0.026992744,,,,,0.037409637,,0.018125532,0.032671191,,,
131,0.26838243,0.19698295,0.027562004,0.021815747,0.046278011,,,0.022397526,0.044145901,,,,0.022472683,,0.016633565,0.0181852,0.025387049,,,,,0.035851937,,0.018049903,0.026577281,0.016499126,,
132,0.26431558,0.19181715,0.02552573,0.020947238,0.048361804,,,0.026045382,0.047171179,,,,0.023203727,,0.016414175,0.018354189,0.025566986,,,,0.022645405,0.034108896,,0.018164421,0.021706045,,,
133,0.26431558,0.19181715,0.02552573,0.020947238,0.048361804,,,0.026045382,0.047171179,,,,0.023203727,,0.016414175,0.018354189,0.025566986,,,,0.022645405,0.034108896,,0.018164421,0.021706045,,,
134,0.2671365,0.19554916,0.028060356,0.021909844,0.042269673,,,0.022606581,0.044968192,,,,0.023580402,,0.017287131,0.018855181,0.025243258,,,,0.026353942,0.029675454,,0.017947912,0.021548463,,,
135,0.26855013,0.19443224,0.026194666,0.021594122,0.039693803,,,0.025563696,0.04614491,,,,0.023443976,,0.017398825,0.018377678,0.025247939,,,,0.022702077,0.031650353,,0.018500054,0.026067426,,,
Average score,0.250061055,0.161689949,0.028986784,0.021488111,0.038608243,0.017538567,0.002185142,0.026337249,0.039565422,0.001437456,0.00295595,0.002722701,0.02324211,0.009086125,0.017683004,0.016247713,0.029237473,0.001572342,0.000831594,0.000604235,0.005203479,0.024830563,0.00019496,0.017028449,0.030839335,0.004799956,0.000162366,0.004227598
